ID,Latitude,Longitude,TelemDate,AID,Attribute
0,41.80989,-108.99809,3/19/2015 0:30,Jet,Winter range
1,41.81293,-108.99846,3/19/2015 3:16,Jet,Winter range
2,41.81706,-108.99898,3/19/2015 6:01,Jet,Winter range
3,41.81557,-108.99409,3/19/2015 8:46,Jet,Winter range
4,41.81675,-108.99794,3/19/2015 11:31,Jet,Winter range
5,41.81821,-108.99815,3/19/2015 14:16,Jet,Winter range
6,41.82145,-108.99504,3/19/2015 17:00,Jet,Winter range
7,41.82178,-108.98989,3/19/2015 19:46,Jet,Winter range
8,41.82187,-108.98999,3/19/2015 22:31,Jet,Winter range
9,41.82181,-108.98958,3/20/2015 1:01,Jet,Winter range
10,41.82185,-108.98926,3/20/2015 3:46,Jet,Winter range
11,41.82212,-108.9878,3/20/2015 6:31,Jet,Winter range
12,41.82024,-108.99137,3/20/2015 9:16,Jet,Winter range
13,41.82088,-108.99168,3/20/2015 12:01,Jet,Winter range
14,41.82098,-108.99179,3/20/2015 14:45,Jet,Winter range
15,41.82184,-108.98944,3/20/2015 17:31,Jet,Winter range
16,41.81875,-108.99032,3/20/2015 20:16,Jet,Winter range
17,41.81722,-108.98981,3/20/2015 23:01,Jet,Winter range
18,41.81713,-108.99034,3/21/2015 1:31,Jet,Winter range
19,41.81638,-108.99214,3/21/2015 4:16,Jet,Winter range
20,41.81574,-108.99692,3/21/2015 7:01,Jet,Winter range
21,41.81589,-108.99951,3/21/2015 9:46,Jet,Winter range
22,41.81657,-108.99989,3/21/2015 12:31,Jet,Winter range
23,41.81641,-108.9999,3/21/2015 15:16,Jet,Winter range
24,41.81678,-109.00106,3/21/2015 18:01,Jet,Winter range
25,41.81494,-109.00128,3/21/2015 20:46,Jet,Winter range
26,41.81554,-109.00216,3/21/2015 23:31,Jet,Winter range
27,41.81602,-109.00212,3/22/2015 2:00,Jet,Winter range
28,41.81593,-109.0012,3/22/2015 4:46,Jet,Winter range
29,41.81826,-108.99644,3/22/2015 7:31,Jet,Winter range
30,41.8204,-109.00122,3/22/2015 10:16,Jet,Winter range
31,41.82041,-109.00175,3/22/2015 13:01,Jet,Winter range
32,41.81899,-109.00213,3/22/2015 15:46,Jet,Winter range
33,41.82162,-108.99605,3/22/2015 18:31,Jet,Winter range
34,41.8217,-108.99599,3/22/2015 21:16,Jet,Winter range
35,41.8216,-108.99761,3/22/2015 23:46,Jet,Winter range
36,41.82026,-109.00049,3/23/2015 2:31,Jet,Winter range
37,41.82041,-109.00122,3/23/2015 5:16,Jet,Winter range
38,41.82111,-109.00274,3/23/2015 8:01,Jet,Winter range
39,41.822,-109.00308,3/23/2015 10:46,Jet,Winter range
40,41.81344,-109.00855,3/23/2015 13:31,Jet,Winter range
41,41.81278,-109.0092,3/23/2015 16:15,Jet,Winter range
42,41.81478,-109.00831,3/23/2015 19:01,Jet,Winter range
43,41.81512,-109.00796,3/23/2015 21:46,Jet,Winter range
44,41.81424,-109.00968,3/23/2015 23:46,Jet,Winter range
45,41.81482,-109.00711,3/24/2015 3:01,Jet,Winter range
46,41.81478,-109.00842,3/24/2015 5:46,Jet,Winter range
47,41.81197,-109.01113,3/24/2015 8:30,Jet,Winter range
48,41.80913,-109.01373,3/24/2015 11:16,Jet,Winter range
49,41.80794,-109.01677,3/24/2015 14:01,Jet,Winter range
50,41.80352,-109.01613,3/24/2015 16:45,Jet,Winter range
51,41.80582,-109.00927,3/24/2015 19:31,Jet,Winter range
52,41.80583,-109.00979,3/24/2015 22:16,Jet,Winter range
53,41.80499,-109.00981,3/24/2015 23:45,Jet,Winter range
54,41.80497,-109.01004,3/25/2015 0:00,Jet,Winter range
55,41.80401,-109.01097,3/25/2015 2:46,Jet,Winter range
56,41.8037,-109.01128,3/25/2015 5:31,Jet,Winter range
57,41.80312,-109.01399,3/25/2015 8:16,Jet,Winter range
58,41.80154,-109.01821,3/25/2015 11:01,Jet,Winter range
59,41.80081,-109.01786,3/25/2015 13:47,Jet,Winter range
60,41.80179,-109.01824,3/25/2015 16:31,Jet,Winter range
61,41.80568,-109.01361,3/25/2015 19:16,Jet,Winter range
62,41.8058,-109.01342,3/25/2015 22:01,Jet,Winter range
63,41.8052,-109.01416,3/26/2015 0:30,Jet,Winter range
64,41.80342,-109.01645,3/26/2015 3:15,Jet,Winter range
65,41.80366,-109.01614,3/26/2015 6:01,Jet,Winter range
66,41.80136,-109.01828,3/26/2015 8:46,Jet,Winter range
67,41.80186,-109.02282,3/26/2015 11:31,Jet,Winter range
68,41.80299,-109.02232,3/26/2015 14:16,Jet,Winter range
69,41.80493,-109.01998,3/26/2015 17:01,Jet,Winter range
70,41.80522,-109.01818,3/26/2015 19:46,Jet,Winter range
71,41.80511,-109.01753,3/26/2015 22:31,Jet,Winter range
72,41.80546,-109.01766,3/27/2015 1:01,Jet,Winter range
73,41.80496,-109.01593,3/27/2015 3:46,Jet,Winter range
74,41.80519,-109.01546,3/27/2015 6:31,Jet,Winter range
75,41.80461,-109.01391,3/27/2015 9:16,Jet,Winter range
76,41.79916,-109.02063,3/27/2015 12:01,Jet,Winter range
77,41.80239,-109.02198,3/27/2015 14:46,Jet,Winter range
78,41.80353,-109.02158,3/27/2015 17:31,Jet,Winter range
79,41.80603,-109.01792,3/27/2015 20:16,Jet,Winter range
80,41.80547,-109.01827,3/27/2015 23:01,Jet,Winter range
81,41.80545,-109.01692,3/28/2015 1:30,Jet,Winter range
82,41.80588,-109.01384,3/28/2015 4:16,Jet,Winter range
83,41.80523,-109.01404,3/28/2015 7:00,Jet,Winter range
84,41.80823,-109.01399,3/28/2015 9:46,Jet,Winter range
85,41.80824,-109.01398,3/28/2015 12:31,Jet,Winter range
86,41.81144,-109.01795,3/28/2015 15:16,Jet,Winter range
87,41.81148,-109.02108,3/28/2015 18:01,Jet,Winter range
88,41.81261,-109.01863,3/28/2015 20:46,Jet,Winter range
89,41.81336,-109.01213,3/28/2015 23:31,Jet,Winter range
90,41.81322,-109.01069,3/29/2015 2:01,Jet,Winter range
91,41.81238,-109.01171,3/29/2015 4:46,Jet,Winter range
92,41.8192,-109.00554,3/29/2015 7:30,Jet,Winter range
93,41.82136,-109.00395,3/29/2015 10:16,Jet,Winter range
94,41.82136,-109.00395,3/29/2015 13:01,Jet,Winter range
95,41.82107,-108.99672,3/29/2015 15:46,Jet,Winter range
96,41.82177,-108.99409,3/29/2015 18:31,Jet,Winter range
97,41.82127,-108.99713,3/29/2015 21:16,Jet,Winter range
98,41.82165,-108.99738,3/29/2015 23:46,Jet,Winter range
99,41.82181,-108.9935,3/30/2015 2:31,Jet,Winter range
100,41.82182,-108.99176,3/30/2015 5:16,Jet,Winter range
101,41.82061,-108.98509,3/30/2015 8:00,Jet,Winter range
102,41.82025,-108.98227,3/30/2015 10:46,Jet,Winter range
103,41.82072,-108.98387,3/30/2015 13:31,Jet,Winter range
104,41.80826,-108.98657,3/30/2015 16:16,Jet,Winter range
105,41.80778,-108.99862,3/30/2015 19:01,Jet,Winter range
106,41.80754,-108.99219,3/30/2015 21:46,Jet,Winter range
107,41.81071,-108.99521,3/30/2015 23:45,Jet,Winter range
108,41.81673,-108.99652,3/31/2015 3:01,Jet,Winter range
109,41.82141,-108.99797,3/31/2015 5:46,Jet,Winter range
110,41.81434,-108.98579,3/31/2015 8:30,Jet,Winter range
111,41.8134,-108.98339,3/31/2015 11:16,Jet,Winter range
112,41.81195,-108.9878,3/31/2015 14:01,Jet,Winter range
113,41.81007,-108.98487,3/31/2015 16:46,Jet,Winter range
114,41.80851,-108.98784,3/31/2015 19:31,Jet,Winter range
115,41.8099,-108.98769,3/31/2015 22:16,Jet,Winter range
116,41.81064,-108.98854,3/31/2015 23:45,Jet,Winter range
117,41.81057,-108.98854,4/1/2015 0:00,Jet,Winter range
118,41.81019,-108.98793,4/1/2015 2:46,Jet,Winter range
119,41.81031,-108.99015,4/1/2015 5:31,Jet,Winter range
120,41.80712,-108.98571,4/1/2015 8:15,Jet,Winter range
121,41.8063,-108.98612,4/1/2015 11:01,Jet,Winter range
122,41.80405,-108.98455,4/1/2015 13:46,Jet,Winter range
123,41.80369,-108.98586,4/1/2015 16:31,Jet,Winter range
124,41.80097,-108.98484,4/1/2015 19:16,Jet,Winter range
125,41.80106,-108.9838,4/1/2015 22:01,Jet,Winter range
126,41.80499,-108.98387,4/2/2015 0:31,Jet,Winter range
127,41.80459,-108.9851,4/2/2015 3:16,Jet,Winter range
128,41.81174,-108.98724,4/2/2015 6:01,Jet,Winter range
129,41.81278,-108.99143,4/2/2015 8:46,Jet,Winter range
130,41.81192,-108.98778,4/2/2015 11:31,Jet,Winter range
131,41.81581,-108.98425,4/2/2015 14:16,Jet,Winter range
132,41.81554,-108.98548,4/2/2015 17:01,Jet,Winter range
133,41.81235,-108.99528,4/2/2015 19:46,Jet,Winter range
134,41.81163,-108.99549,4/2/2015 22:31,Jet,Winter range
135,41.81296,-108.99359,4/3/2015 1:00,Jet,Winter range
136,41.81311,-108.9932,4/3/2015 3:46,Jet,Winter range
137,41.81259,-108.99475,4/3/2015 6:31,Jet,Winter range
138,41.81253,-108.99205,4/3/2015 9:16,Jet,Winter range
139,41.81381,-108.99183,4/3/2015 12:01,Jet,Winter range
140,41.81293,-108.99291,4/3/2015 14:46,Jet,Winter range
141,41.81542,-108.98576,4/3/2015 17:31,Jet,Winter range
142,41.81583,-108.98329,4/3/2015 20:16,Jet,Winter range
143,41.81564,-108.983,4/3/2015 23:01,Jet,Winter range
144,41.81585,-108.98197,4/4/2015 1:30,Jet,Winter range
145,41.81574,-108.98213,4/4/2015 4:16,Jet,Winter range
146,41.81549,-108.98144,4/4/2015 7:01,Jet,Winter range
147,41.8156,-108.98127,4/4/2015 9:46,Jet,Winter range
148,41.81678,-108.98001,4/4/2015 12:31,Jet,Winter range
149,41.81731,-108.97969,4/4/2015 15:16,Jet,Winter range
150,41.8156,-108.98365,4/4/2015 18:01,Jet,Winter range
151,41.81483,-108.9867,4/4/2015 20:46,Jet,Winter range
152,41.81531,-108.98684,4/4/2015 23:31,Jet,Winter range
153,41.81515,-108.98684,4/5/2015 2:01,Jet,Winter range
154,41.81972,-108.99193,4/5/2015 4:46,Jet,Winter range
155,41.8204,-108.98815,4/5/2015 7:31,Jet,Winter range
156,41.82106,-108.98664,4/5/2015 10:16,Jet,Winter range
157,41.82148,-108.98739,4/5/2015 13:01,Jet,Winter range
158,41.82017,-108.98937,4/5/2015 15:46,Jet,Winter range
159,41.82192,-108.99262,4/5/2015 18:31,Jet,Winter range
160,41.81651,-108.99375,4/5/2015 21:16,Jet,Winter range
161,41.81613,-108.99452,4/5/2015 23:45,Jet,Winter range
162,41.81329,-108.99264,4/6/2015 2:31,Jet,Winter range
163,41.81249,-108.99243,4/6/2015 5:16,Jet,Winter range
164,41.80896,-108.9893,4/6/2015 8:01,Jet,Winter range
165,41.80733,-108.98696,4/6/2015 10:46,Jet,Winter range
166,41.80629,-108.99111,4/6/2015 13:31,Jet,Winter range
167,41.80651,-108.99234,4/6/2015 16:16,Jet,Winter range
168,41.80121,-109.00545,4/6/2015 19:01,Jet,Winter range
169,41.80091,-109.00523,4/6/2015 21:46,Jet,Winter range
170,41.80089,-109.00584,4/6/2015 23:46,Jet,Winter range
171,41.80054,-109.00637,4/7/2015 3:01,Jet,Winter range
172,41.80184,-109.00846,4/7/2015 5:46,Jet,Winter range
173,41.80509,-109.00874,4/7/2015 8:31,Jet,Winter range
174,41.80366,-109.00765,4/7/2015 11:16,Jet,Winter range
175,41.80328,-109.01045,4/7/2015 14:00,Jet,Winter range
176,41.80509,-109.01,4/7/2015 16:46,Jet,Winter range
177,41.80566,-109.01371,4/7/2015 19:30,Jet,Winter range
178,41.8051,-109.01441,4/7/2015 22:16,Jet,Winter range
179,41.80484,-109.01546,4/7/2015 23:45,Jet,Winter range
180,41.80483,-109.01544,4/8/2015 0:00,Jet,Winter range
181,41.8055,-109.01731,4/8/2015 2:46,Jet,Winter range
182,41.80538,-109.01628,4/8/2015 5:31,Jet,Winter range
183,41.80625,-109.00822,4/8/2015 8:16,Jet,Winter range
184,41.8033,-109.00732,4/8/2015 11:01,Jet,Winter range
185,41.80362,-109.01091,4/8/2015 13:45,Jet,Winter range
186,41.80545,-109.00981,4/8/2015 16:31,Jet,Winter range
187,41.80439,-109.0126,4/8/2015 19:16,Jet,Winter range
188,41.81425,-109.00289,4/8/2015 22:01,Jet,Winter range
189,41.81396,-109.00284,4/9/2015 0:31,Jet,Winter range
190,41.81439,-109.00313,4/9/2015 3:16,Jet,Winter range
191,41.81514,-109.00376,4/9/2015 6:01,Jet,Winter range
192,41.8157,-109.0063,4/9/2015 8:46,Jet,Winter range
193,41.81544,-109.00719,4/9/2015 11:31,Jet,Winter range
194,41.8115,-109.01342,4/9/2015 14:16,Jet,Winter range
195,41.81068,-109.01939,4/9/2015 17:01,Jet,Winter range
196,41.80407,-109.01607,4/9/2015 19:46,Jet,Winter range
197,41.80499,-109.01567,4/9/2015 22:31,Jet,Winter range
198,41.80504,-109.01235,4/10/2015 1:00,Jet,Winter range
199,41.80593,-109.01237,4/10/2015 3:46,Jet,Winter range
200,41.80493,-109.01233,4/10/2015 6:31,Jet,Winter range
201,41.80434,-109.01268,4/10/2015 9:16,Jet,Winter range
202,41.80344,-109.01245,4/10/2015 12:01,Jet,Winter range
203,41.7987,-109.01819,4/10/2015 14:46,Jet,Winter range
204,41.79584,-109.01992,4/10/2015 17:31,Jet,Winter range
205,41.79461,-109.01693,4/10/2015 20:16,Jet,Winter range
206,41.79491,-109.01672,4/10/2015 23:01,Jet,Winter range
207,41.79489,-109.01532,4/11/2015 1:31,Jet,Winter range
208,41.7958,-109.01151,4/11/2015 4:16,Jet,Winter range
209,41.7964,-109.01583,4/11/2015 7:01,Jet,Winter range
210,41.79822,-109.01827,4/11/2015 9:46,Jet,Winter range
211,41.79863,-109.02566,4/11/2015 12:31,Jet,Winter range
212,41.79953,-109.02545,4/11/2015 15:16,Jet,Winter range
213,41.80303,-109.02184,4/11/2015 18:01,Jet,Winter range
214,41.80488,-109.01864,4/11/2015 20:46,Jet,Winter range
215,41.80545,-109.01727,4/11/2015 23:31,Jet,Winter range
216,41.80561,-109.01818,4/12/2015 2:01,Jet,Winter range
217,41.80491,-109.01724,4/12/2015 4:46,Jet,Winter range
218,41.8042,-109.01824,4/12/2015 7:31,Jet,Winter range
219,41.80241,-109.01977,4/12/2015 10:16,Jet,Winter range
220,41.80116,-109.02351,4/12/2015 13:01,Jet,Winter range
221,41.80086,-109.02407,4/12/2015 15:46,Jet,Winter range
222,41.8049,-109.02046,4/12/2015 18:31,Jet,Winter range
223,41.80574,-109.01982,4/12/2015 21:16,Jet,Winter range
224,41.80593,-109.02034,4/12/2015 23:46,Jet,Winter range
225,41.8055,-109.01959,4/13/2015 2:31,Jet,Winter range
226,41.80539,-109.01995,4/13/2015 5:16,Jet,Winter range
227,41.80006,-109.0196,4/13/2015 8:01,Jet,Winter range
228,41.80224,-109.02147,4/13/2015 10:46,Jet,Winter range
229,41.80207,-109.02243,4/13/2015 13:31,Jet,Winter range
230,41.80368,-109.02082,4/13/2015 16:16,Jet,Winter range
231,41.80693,-109.01345,4/13/2015 19:01,Jet,Winter range
232,41.80545,-109.01395,4/13/2015 21:46,Jet,Winter range
233,41.80472,-109.01615,4/13/2015 23:45,Jet,Winter range
234,41.80514,-109.01612,4/14/2015 3:01,Jet,Winter range
235,41.80606,-109.01307,4/14/2015 5:46,Jet,Winter range
236,41.80459,-109.01354,4/14/2015 8:31,Jet,Winter range
237,41.8041,-109.01279,4/14/2015 11:17,Jet,Winter range
238,41.80376,-109.01287,4/14/2015 14:01,Jet,Winter range
239,41.8027,-109.02222,4/14/2015 16:46,Jet,Winter range
240,41.80604,-109.01924,4/14/2015 19:31,Jet,Winter range
241,41.80596,-109.01885,4/14/2015 22:16,Jet,Winter range
242,41.8054,-109.01721,4/14/2015 23:45,Jet,Winter range
243,41.80529,-109.0172,4/15/2015 0:00,Jet,Winter range
244,41.80403,-109.01782,4/15/2015 2:46,Jet,Winter range
245,41.80454,-109.01757,4/15/2015 5:31,Jet,Winter range
246,41.80366,-109.01863,4/15/2015 8:16,Jet,Winter range
247,41.7995,-109.01898,4/15/2015 11:01,Jet,Winter range
248,41.80065,-109.02247,4/15/2015 13:46,Jet,Winter range
249,41.80106,-109.02272,4/15/2015 16:31,Jet,Winter range
250,41.802,-109.01728,4/15/2015 19:15,Jet,Winter range
251,41.80229,-109.01622,4/15/2015 22:01,Jet,Winter range
252,41.80188,-109.01847,4/16/2015 0:31,Jet,Winter range
253,41.8009,-109.01786,4/16/2015 3:16,Jet,Winter range
254,41.80172,-109.01764,4/16/2015 6:01,Jet,Winter range
255,41.80257,-109.01652,4/16/2015 8:46,Jet,Winter range
256,41.80126,-109.01731,4/16/2015 11:31,Jet,Winter range
257,41.80104,-109.01564,4/16/2015 14:16,Jet,Winter range
258,41.80487,-109.01219,4/16/2015 17:01,Jet,Winter range
259,41.80502,-109.00846,4/16/2015 19:46,Jet,Winter range
260,41.80523,-109.00861,4/16/2015 22:31,Jet,Winter range
261,41.80532,-109.00862,4/17/2015 1:01,Jet,Winter range
262,41.80981,-109.00032,4/17/2015 3:46,Jet,Winter range
263,41.80979,-109.00072,4/17/2015 6:31,Jet,Winter range
264,41.80939,-109.00281,4/17/2015 9:16,Jet,Winter range
265,41.80939,-109.0028,4/17/2015 12:01,Jet,Winter range
266,41.80919,-109.00064,4/17/2015 14:46,Jet,Winter range
267,41.80865,-109.00299,4/17/2015 17:31,Jet,Winter range
268,41.81234,-109.00122,4/17/2015 20:16,Jet,Winter range
269,41.81283,-109.00215,4/17/2015 23:01,Jet,Winter range
270,41.81306,-109.00225,4/18/2015 1:31,Jet,Winter range
271,41.81552,-109.00422,4/18/2015 4:16,Jet,Winter range
272,41.81417,-109.00846,4/18/2015 7:00,Jet,Winter range
273,41.81187,-109.01191,4/18/2015 9:46,Jet,Winter range
274,41.81271,-109.01022,4/18/2015 12:31,Jet,Winter range
275,41.81552,-109.00424,4/18/2015 15:15,Jet,Winter range
276,41.81377,-109.00302,4/18/2015 18:01,Jet,Winter range
277,41.81395,-109.00315,4/18/2015 20:46,Jet,Winter range
278,41.81556,-109.00362,4/18/2015 23:31,Jet,Winter range
279,41.81604,-109.00521,4/19/2015 2:01,Jet,Winter range
280,41.81573,-109.00517,4/19/2015 4:46,Jet,Winter range
281,41.81103,-109.01435,4/19/2015 7:31,Jet,Winter range
282,41.81075,-109.01834,4/19/2015 10:16,Jet,Winter range
283,41.82584,-109.00245,4/19/2015 13:01,Jet,Winter range
284,41.82822,-109.0032,4/19/2015 15:46,Jet,Winter range
285,41.82884,-109.00111,4/19/2015 18:31,Jet,Winter range
286,41.82572,-109.00048,4/19/2015 21:16,Jet,Winter range
287,41.82694,-109.00142,4/19/2015 23:46,Jet,Winter range
288,41.82857,-109.00255,4/20/2015 2:31,Jet,Winter range
289,41.82302,-109.00382,4/20/2015 5:16,Jet,Winter range
290,41.81199,-109.01034,4/20/2015 8:01,Jet,Winter range
291,41.81212,-109.01088,4/20/2015 10:46,Jet,Winter range
292,41.81082,-109.01216,4/20/2015 13:31,Jet,Winter range
293,41.81017,-109.01533,4/20/2015 16:16,Jet,Winter range
294,41.81261,-109.0167,4/20/2015 19:02,Jet,Winter range
295,41.81258,-109.01722,4/20/2015 21:45,Jet,Winter range
296,41.81813,-109.00885,4/20/2015 23:46,Jet,Winter range
297,41.81846,-109.00925,4/21/2015 3:01,Jet,Winter range
298,41.81582,-109.0069,4/21/2015 5:46,Jet,Winter range
299,41.81251,-109.0113,4/21/2015 8:31,Jet,Winter range
300,41.81078,-109.01238,4/21/2015 11:15,Jet,Winter range
301,41.81213,-109.01661,4/21/2015 14:01,Jet,Winter range
302,41.81222,-109.01602,4/21/2015 16:46,Jet,Winter range
303,41.81179,-109.01415,4/21/2015 19:31,Jet,Winter range
304,41.81501,-109.00718,4/21/2015 22:16,Jet,Winter range
305,41.81518,-109.0065,4/21/2015 23:45,Jet,Winter range
306,41.81519,-109.00651,4/22/2015 0:00,Jet,Winter range
307,41.81623,-109.00531,4/22/2015 2:46,Jet,Winter range
308,41.81787,-109.00856,4/22/2015 5:31,Jet,Winter range
309,41.82445,-109.01307,4/22/2015 8:16,Jet,Winter range
310,41.82443,-109.01304,4/22/2015 11:01,Jet,Winter range
311,41.82542,-109.0159,4/22/2015 13:45,Jet,Winter range
312,41.82611,-109.01565,4/22/2015 16:31,Jet,Winter range
313,41.83008,-109.01265,4/22/2015 19:16,Jet,Winter range
314,41.82939,-109.01081,4/22/2015 22:01,Jet,Winter range
315,41.8293,-109.00735,4/23/2015 0:31,Jet,Winter range
316,41.82865,-109.00527,4/23/2015 3:16,Jet,Winter range
317,41.82825,-109.00476,4/23/2015 6:01,Jet,Winter range
318,41.82825,-109.00279,4/23/2015 8:46,Jet,Winter range
319,41.83012,-109.00477,4/23/2015 11:31,Jet,Winter range
320,41.86654,-109.00932,4/23/2015 14:16,Jet,Migration
321,41.89645,-109.01213,4/23/2015 17:01,Jet,Migration
322,41.90892,-109.00757,4/23/2015 19:46,Jet,Migration
323,41.91107,-109.00866,4/23/2015 22:31,Jet,Migration
324,41.91271,-109.00498,4/24/2015 1:01,Jet,Migration
325,41.91335,-109.00557,4/24/2015 3:46,Jet,Migration
326,41.92369,-109.01531,4/24/2015 6:31,Jet,Migration
327,41.92427,-109.01641,4/24/2015 9:16,Jet,Migration
328,41.92332,-109.01774,4/24/2015 12:01,Jet,Migration
329,41.92255,-109.01658,4/24/2015 14:46,Jet,Migration
330,41.92194,-109.01668,4/24/2015 17:31,Jet,Migration
331,41.91947,-109.01362,4/24/2015 20:16,Jet,Migration
332,41.91947,-109.01364,4/24/2015 23:01,Jet,Migration
333,41.92029,-109.01351,4/25/2015 1:31,Jet,Migration
334,41.92197,-109.01537,4/25/2015 4:16,Jet,Migration
335,41.92408,-109.02009,4/25/2015 7:01,Jet,Migration
336,41.94049,-108.99478,4/25/2015 9:46,Jet,Migration
337,41.95476,-108.98546,4/25/2015 12:31,Jet,Migration
338,41.96148,-108.97753,4/25/2015 15:16,Jet,Migration
339,41.96592,-108.97785,4/25/2015 18:01,Jet,Migration
340,41.97155,-108.96867,4/25/2015 20:46,Jet,Migration
341,41.97145,-108.96885,4/25/2015 23:31,Jet,Migration
342,41.97319,-108.97253,4/26/2015 2:00,Jet,Migration
343,41.97703,-108.97932,4/26/2015 4:46,Jet,Migration
344,41.97565,-108.98417,4/26/2015 7:31,Jet,Migration
345,42.00797,-109.00172,4/26/2015 13:01,Jet,Migration
346,42.00789,-109.00366,4/26/2015 15:46,Jet,Migration
347,42.01425,-108.9995,4/26/2015 18:31,Jet,Migration
348,42.0576,-108.96479,4/26/2015 21:16,Jet,Migration
349,42.09574,-108.95109,4/26/2015 23:46,Jet,Migration
350,42.10473,-108.94917,4/27/2015 2:31,Jet,Migration
351,42.11631,-108.9824,4/27/2015 5:16,Jet,Migration
352,42.11666,-108.9839,4/27/2015 8:01,Jet,Migration
353,42.11668,-108.98394,4/27/2015 10:47,Jet,Migration
354,42.13919,-109.00959,4/27/2015 13:31,Jet,Migration
355,42.17161,-109.00779,4/27/2015 16:16,Jet,Migration
356,42.20017,-109.01013,4/27/2015 19:01,Jet,Migration
357,42.28098,-109.02872,4/27/2015 21:46,Jet,Migration
358,42.30919,-109.03997,4/27/2015 23:46,Jet,Migration
359,42.32244,-109.05149,4/28/2015 3:01,Jet,Migration
360,42.33247,-109.05343,4/28/2015 5:46,Jet,Migration
361,42.34331,-109.05261,4/28/2015 8:31,Jet,Migration
362,42.347,-109.05249,4/28/2015 11:16,Jet,Migration
363,42.37899,-109.06268,4/28/2015 14:01,Jet,Migration
364,42.40829,-109.0903,4/28/2015 16:46,Jet,Migration
365,42.42773,-109.10933,4/28/2015 19:31,Jet,Migration
366,42.43213,-109.11637,4/28/2015 22:16,Jet,Migration
367,42.44139,-109.12642,4/28/2015 23:45,Jet,Migration
368,42.44146,-109.12661,4/29/2015 0:00,Jet,Migration
369,42.4417,-109.12677,4/29/2015 2:46,Jet,Migration
370,42.44155,-109.12891,4/29/2015 5:31,Jet,Migration
371,42.44173,-109.1307,4/29/2015 8:16,Jet,Migration
372,42.44141,-109.13372,4/29/2015 11:01,Jet,Migration
373,42.44097,-109.13385,4/29/2015 13:46,Jet,Migration
374,42.44072,-109.13883,4/29/2015 16:31,Jet,Migration
375,42.44336,-109.13653,4/29/2015 19:17,Jet,Migration
376,42.44701,-109.13765,4/29/2015 22:01,Jet,Migration
377,42.44633,-109.1363,4/30/2015 0:31,Jet,Migration
378,42.44635,-109.13617,4/30/2015 3:16,Jet,Migration
379,42.45807,-109.13576,4/30/2015 6:01,Jet,Migration
380,42.46489,-109.15045,4/30/2015 8:46,Jet,Migration
381,42.46446,-109.15073,4/30/2015 11:31,Jet,Migration
382,42.46621,-109.1538,4/30/2015 14:16,Jet,Migration
383,42.4692,-109.15433,4/30/2015 17:01,Jet,Migration
384,42.47396,-109.15901,4/30/2015 19:46,Jet,Migration
385,42.47403,-109.15898,4/30/2015 22:31,Jet,Migration
386,42.4761,-109.15912,5/1/2015 1:01,Jet,Migration
387,42.47463,-109.1556,5/1/2015 3:46,Jet,Migration
388,42.47328,-109.16699,5/1/2015 6:31,Jet,Migration
389,42.47688,-109.17623,5/1/2015 9:16,Jet,Migration
390,42.48146,-109.18526,5/1/2015 12:02,Jet,Migration
391,42.48206,-109.18593,5/1/2015 14:46,Jet,Migration
392,42.48276,-109.18566,5/1/2015 17:31,Jet,Migration
393,42.48491,-109.19132,5/1/2015 20:16,Jet,Migration
394,42.48578,-109.19121,5/1/2015 23:01,Jet,Migration
395,42.48578,-109.19113,5/2/2015 1:31,Jet,Migration
396,42.48841,-109.21529,5/2/2015 4:16,Jet,Migration
397,42.50894,-109.25485,5/2/2015 7:01,Jet,Migration
398,42.5184,-109.27402,5/2/2015 9:46,Jet,Migration
399,42.526,-109.27466,5/2/2015 12:31,Jet,Migration
400,42.53086,-109.28011,5/2/2015 15:16,Jet,Migration
401,42.53015,-109.28609,5/2/2015 18:01,Jet,Migration
402,42.54185,-109.30884,5/2/2015 20:46,Jet,Migration
403,42.54795,-109.31227,5/2/2015 23:30,Jet,Migration
404,42.55694,-109.32633,5/3/2015 2:01,Jet,Migration
405,42.57783,-109.34899,5/3/2015 4:46,Jet,Migration
406,42.60289,-109.36687,5/3/2015 7:31,Jet,Migration
407,42.63711,-109.39911,5/3/2015 10:16,Jet,Migration
408,42.64356,-109.4086,5/3/2015 13:01,Jet,Migration
409,42.64448,-109.40953,5/3/2015 15:46,Jet,Migration
410,42.64903,-109.42144,5/3/2015 18:31,Jet,Migration
411,42.6531,-109.43125,5/3/2015 21:16,Jet,Migration
412,42.65404,-109.43352,5/3/2015 23:46,Jet,Migration
413,42.65391,-109.43347,5/4/2015 2:31,Jet,Migration
414,42.65466,-109.43207,5/4/2015 5:16,Jet,Migration
415,42.65575,-109.43338,5/4/2015 8:01,Jet,Migration
416,42.6547,-109.43524,5/4/2015 10:46,Jet,Migration
417,42.65568,-109.43736,5/4/2015 13:30,Jet,Migration
418,42.6591,-109.43763,5/4/2015 16:16,Jet,Migration
419,42.6598,-109.44077,5/4/2015 19:01,Jet,Migration
420,42.66376,-109.44867,5/4/2015 21:46,Jet,Migration
421,42.68778,-109.46231,5/4/2015 23:46,Jet,Migration
422,42.68807,-109.46323,5/5/2015 3:01,Jet,Stopover 1
423,42.70275,-109.47066,5/5/2015 5:46,Jet,Stopover 1
424,42.70952,-109.4911,5/5/2015 11:17,Jet,Stopover 1
425,42.7093,-109.49127,5/5/2015 14:01,Jet,Stopover 1
426,42.70932,-109.49393,5/5/2015 16:45,Jet,Stopover 1
427,42.71058,-109.49488,5/5/2015 19:31,Jet,Stopover 1
428,42.70783,-109.49121,5/5/2015 22:16,Jet,Stopover 1
429,42.70765,-109.48838,5/5/2015 23:45,Jet,Stopover 1
430,42.70765,-109.48833,5/6/2015 0:00,Jet,Stopover 1
431,42.70538,-109.48715,5/6/2015 2:46,Jet,Stopover 1
432,42.70849,-109.48976,5/6/2015 5:31,Jet,Stopover 1
433,42.71026,-109.48969,5/6/2015 8:17,Jet,Stopover 1
434,42.71125,-109.49072,5/6/2015 11:01,Jet,Stopover 1
435,42.71207,-109.49058,5/6/2015 13:45,Jet,Stopover 1
436,42.71239,-109.49086,5/6/2015 16:30,Jet,Stopover 1
437,42.71126,-109.48809,5/6/2015 19:16,Jet,Stopover 1
438,42.71119,-109.48684,5/6/2015 22:01,Jet,Stopover 1
439,42.71317,-109.4869,5/7/2015 0:31,Jet,Stopover 1
440,42.71305,-109.49057,5/7/2015 3:16,Jet,Stopover 1
441,42.71541,-109.48952,5/7/2015 6:01,Jet,Stopover 1
442,42.71542,-109.48922,5/7/2015 8:46,Jet,Stopover 1
443,42.71553,-109.48918,5/7/2015 11:31,Jet,Stopover 1
444,42.71716,-109.48902,5/7/2015 14:16,Jet,Stopover 1
445,42.71526,-109.49674,5/7/2015 17:00,Jet,Stopover 1
446,42.71678,-109.49894,5/7/2015 19:46,Jet,Stopover 1
447,42.71702,-109.4994,5/7/2015 22:31,Jet,Stopover 1
448,42.71704,-109.49932,5/8/2015 1:01,Jet,Stopover 1
449,42.71717,-109.49996,5/8/2015 3:46,Jet,Stopover 1
450,42.71579,-109.49864,5/8/2015 6:31,Jet,Stopover 1
451,42.71352,-109.49695,5/8/2015 9:16,Jet,Stopover 1
452,42.71463,-109.5,5/8/2015 12:01,Jet,Stopover 1
453,42.71497,-109.49961,5/8/2015 14:46,Jet,Stopover 1
454,42.71597,-109.50472,5/8/2015 17:31,Jet,Stopover 1
455,42.72353,-109.52375,5/8/2015 20:16,Jet,Stopover 1
456,42.72934,-109.53038,5/8/2015 23:01,Jet,Stopover 1
457,42.72946,-109.5309,5/9/2015 1:31,Jet,Migration
458,42.74744,-109.55919,5/9/2015 4:16,Jet,Migration
459,42.78267,-109.56523,5/9/2015 7:01,Jet,Migration
460,42.79637,-109.59559,5/9/2015 9:46,Jet,Migration
461,42.80784,-109.61775,5/9/2015 12:30,Jet,Migration
462,42.80817,-109.61888,5/9/2015 15:16,Jet,Migration
463,42.8114,-109.63094,5/9/2015 18:01,Jet,Migration
464,42.82037,-109.65649,5/9/2015 20:46,Jet,Stopover 2
465,42.82148,-109.66257,5/9/2015 23:31,Jet,Stopover 2
466,42.8213,-109.66229,5/10/2015 2:00,Jet,Stopover 2
467,42.82227,-109.66716,5/10/2015 4:46,Jet,Stopover 2
468,42.82271,-109.66879,5/10/2015 7:31,Jet,Stopover 2
469,42.82236,-109.66325,5/10/2015 10:16,Jet,Stopover 2
470,42.82305,-109.65993,5/10/2015 13:01,Jet,Stopover 2
471,42.82244,-109.6685,5/10/2015 15:46,Jet,Stopover 2
472,42.82269,-109.66992,5/10/2015 18:31,Jet,Stopover 2
473,42.82263,-109.67024,5/10/2015 21:16,Jet,Stopover 2
474,42.82262,-109.66963,5/10/2015 23:46,Jet,Stopover 2
475,42.8232,-109.67015,5/11/2015 2:31,Jet,Stopover 2
476,42.82268,-109.67111,5/11/2015 5:16,Jet,Stopover 2
477,42.82149,-109.66944,5/11/2015 8:01,Jet,Stopover 2
478,42.82175,-109.66882,5/11/2015 10:46,Jet,Stopover 2
479,42.82202,-109.66876,5/11/2015 13:31,Jet,Stopover 2
480,42.82123,-109.66886,5/11/2015 16:16,Jet,Stopover 2
481,42.82137,-109.66882,5/11/2015 19:01,Jet,Stopover 2
482,42.82535,-109.66706,5/11/2015 21:46,Jet,Stopover 2
483,42.82496,-109.66882,5/11/2015 23:45,Jet,Stopover 2
484,42.82292,-109.67108,5/12/2015 3:01,Jet,Stopover 2
485,42.82291,-109.66939,5/12/2015 5:46,Jet,Stopover 2
486,42.82227,-109.67023,5/12/2015 8:31,Jet,Stopover 2
487,42.82224,-109.6711,5/12/2015 11:16,Jet,Stopover 2
488,42.82366,-109.66741,5/12/2015 14:01,Jet,Stopover 2
489,42.82259,-109.66806,5/12/2015 16:45,Jet,Stopover 2
490,42.82001,-109.66709,5/12/2015 19:31,Jet,Stopover 2
491,42.82016,-109.66542,5/12/2015 22:16,Jet,Stopover 2
492,42.82048,-109.66381,5/12/2015 23:45,Jet,Stopover 2
493,42.82064,-109.66378,5/13/2015 0:00,Jet,Stopover 2
494,42.8183,-109.66681,5/13/2015 2:46,Jet,Stopover 2
495,42.81993,-109.6715,5/13/2015 5:31,Jet,Stopover 2
496,42.81976,-109.67078,5/13/2015 8:16,Jet,Stopover 2
497,42.81927,-109.6698,5/13/2015 11:02,Jet,Stopover 2
498,42.81912,-109.67132,5/13/2015 13:46,Jet,Stopover 2
499,42.81925,-109.67234,5/13/2015 16:30,Jet,Stopover 2
500,42.82206,-109.67836,5/13/2015 19:16,Jet,Stopover 2
501,42.82601,-109.68938,5/13/2015 22:01,Jet,Stopover 2
502,42.82565,-109.67986,5/14/2015 0:31,Jet,Stopover 2
503,42.82371,-109.67424,5/14/2015 3:16,Jet,Stopover 2
504,42.82379,-109.67659,5/14/2015 6:01,Jet,Stopover 2
505,42.82517,-109.66555,5/14/2015 8:46,Jet,Stopover 2
506,42.82165,-109.66133,5/14/2015 11:31,Jet,Stopover 2
507,42.82215,-109.66132,5/14/2015 14:16,Jet,Stopover 2
508,42.82266,-109.66422,5/14/2015 17:00,Jet,Stopover 2
509,42.82267,-109.66918,5/14/2015 19:46,Jet,Stopover 2
510,42.82261,-109.6695,5/14/2015 22:30,Jet,Stopover 2
511,42.82264,-109.67114,5/15/2015 1:01,Jet,Stopover 2
512,42.82304,-109.67538,5/15/2015 3:46,Jet,Stopover 2
513,42.84717,-109.71253,5/15/2015 6:31,Jet,Migration
514,42.86342,-109.73213,5/15/2015 9:16,Jet,Migration
515,42.86669,-109.73494,5/15/2015 12:01,Jet,Migration
516,42.87537,-109.73494,5/15/2015 14:46,Jet,Migration
517,42.88079,-109.73709,5/15/2015 17:31,Jet,Migration
518,42.88324,-109.73462,5/15/2015 20:16,Jet,Migration
519,42.88294,-109.73655,5/15/2015 23:01,Jet,Migration
520,42.8838,-109.73602,5/16/2015 1:31,Jet,Migration
521,42.88355,-109.73549,5/16/2015 4:16,Jet,Migration
522,42.89064,-109.73498,5/16/2015 7:01,Jet,Migration
523,42.89164,-109.73941,5/16/2015 9:46,Jet,Migration
524,42.89166,-109.73968,5/16/2015 12:31,Jet,Migration
525,42.89164,-109.73968,5/16/2015 15:16,Jet,Migration
526,42.89067,-109.74147,5/16/2015 18:01,Jet,Migration
527,42.89052,-109.74044,5/16/2015 20:46,Jet,Migration
528,42.89074,-109.74034,5/16/2015 23:31,Jet,Migration
529,42.89053,-109.74051,5/17/2015 2:00,Jet,Migration
530,42.8929,-109.7426,5/17/2015 4:46,Jet,Migration
531,42.89836,-109.74889,5/17/2015 7:30,Jet,Migration
532,42.89822,-109.74879,5/17/2015 10:16,Jet,Migration
533,42.89761,-109.75014,5/17/2015 13:00,Jet,Migration
534,42.89624,-109.75096,5/17/2015 15:46,Jet,Migration
535,42.89784,-109.75537,5/17/2015 18:31,Jet,Migration
536,42.90119,-109.75376,5/17/2015 21:16,Jet,Migration
537,42.90742,-109.76052,5/17/2015 23:46,Jet,Migration
538,42.91268,-109.79959,5/18/2015 2:31,Jet,Migration
539,42.91388,-109.80504,5/18/2015 5:16,Jet,Migration
540,42.91051,-109.80475,5/18/2015 8:01,Jet,Migration
541,42.90912,-109.80421,5/18/2015 10:46,Jet,Migration
542,42.90473,-109.80301,5/18/2015 13:31,Jet,Migration
543,42.90493,-109.80435,5/18/2015 16:16,Jet,Migration
544,42.90646,-109.80471,5/18/2015 19:01,Jet,Migration
545,42.89595,-109.83013,5/18/2015 21:46,Jet,Migration
546,42.91342,-109.84322,5/18/2015 23:46,Jet,Migration
547,42.91405,-109.84311,5/19/2015 3:01,Jet,Migration
548,42.92668,-109.83867,5/19/2015 5:46,Jet,Migration
549,42.92683,-109.83625,5/19/2015 8:31,Jet,Migration
550,42.92689,-109.83561,5/19/2015 11:16,Jet,Migration
551,42.92745,-109.83674,5/19/2015 14:01,Jet,Migration
552,42.92836,-109.83524,5/19/2015 16:46,Jet,Migration
553,42.92945,-109.83568,5/19/2015 19:31,Jet,Migration
554,42.93037,-109.83489,5/19/2015 22:16,Jet,Migration
555,42.93067,-109.83417,5/19/2015 23:45,Jet,Migration
556,42.93066,-109.83418,5/20/2015 0:00,Jet,Migration
557,42.93058,-109.83456,5/20/2015 2:46,Jet,Migration
558,42.94235,-109.8488,5/20/2015 5:31,Jet,Migration
559,42.98176,-109.87742,5/20/2015 8:16,Jet,Migration
560,42.98149,-109.87825,5/20/2015 11:01,Jet,Migration
561,42.98247,-109.88106,5/20/2015 13:46,Jet,Migration
562,42.98478,-109.88825,5/20/2015 16:30,Jet,Migration
563,42.98458,-109.88722,5/20/2015 19:16,Jet,Migration
564,42.98514,-109.88745,5/20/2015 22:00,Jet,Migration
565,42.98548,-109.88807,5/21/2015 0:31,Jet,Migration
566,42.98504,-109.88684,5/21/2015 3:16,Jet,Migration
567,42.98505,-109.88839,5/21/2015 6:01,Jet,Migration
568,42.98497,-109.89661,5/21/2015 8:46,Jet,Migration
569,42.98486,-109.89415,5/21/2015 11:32,Jet,Migration
570,42.98396,-109.89702,5/21/2015 14:16,Jet,Migration
571,42.98422,-109.89597,5/21/2015 17:01,Jet,Migration
572,42.98442,-109.89167,5/21/2015 19:46,Jet,Migration
573,42.98442,-109.88512,5/21/2015 22:31,Jet,Migration
574,42.98435,-109.88502,5/22/2015 1:00,Jet,Migration
575,42.98557,-109.8878,5/22/2015 3:46,Jet,Migration
576,43.01649,-109.92058,5/22/2015 6:30,Jet,Migration
577,43.04037,-109.9546,5/22/2015 9:17,Jet,Migration
578,43.04251,-109.95444,5/22/2015 12:01,Jet,Migration
579,43.04293,-109.9543,5/22/2015 14:46,Jet,Migration
580,43.04431,-109.95392,5/22/2015 17:31,Jet,Migration
581,43.05354,-109.968,5/22/2015 20:16,Jet,Migration
582,43.0537,-109.96859,5/22/2015 23:01,Jet,Migration
583,43.05699,-109.97187,5/23/2015 1:31,Jet,Migration
584,43.06661,-109.98585,5/23/2015 4:17,Jet,Migration
585,43.06447,-110.07557,5/23/2015 7:01,Jet,Migration
586,43.08693,-110.1334,5/23/2015 9:46,Jet,Migration
587,43.10414,-110.15115,5/23/2015 12:31,Jet,Migration
588,43.11294,-110.15941,5/23/2015 15:16,Jet,Migration
589,43.13375,-110.1877,5/23/2015 18:01,Jet,Migration
590,43.14876,-110.21394,5/23/2015 20:46,Jet,Migration
591,43.14841,-110.21451,5/23/2015 23:31,Jet,Migration
592,43.14801,-110.21447,5/24/2015 2:00,Jet,Migration
593,43.14973,-110.21614,5/24/2015 4:46,Jet,Migration
594,43.15084,-110.21679,5/24/2015 7:31,Jet,Migration
595,43.1505,-110.22202,5/24/2015 10:16,Jet,Migration
596,43.15144,-110.22436,5/24/2015 13:01,Jet,Migration
597,43.15288,-110.22843,5/24/2015 15:46,Jet,Migration
598,43.15402,-110.22617,5/24/2015 18:31,Jet,Migration
599,43.15716,-110.23065,5/24/2015 21:16,Jet,Migration
600,43.15711,-110.23072,5/24/2015 23:46,Jet,Migration
601,43.15711,-110.23071,5/25/2015 2:31,Jet,Migration
602,43.1607,-110.23534,5/25/2015 5:16,Jet,Migration
603,43.16622,-110.23513,5/25/2015 8:01,Jet,Migration
604,43.18415,-110.25158,5/25/2015 10:46,Jet,Migration
605,43.18628,-110.25391,5/25/2015 13:32,Jet,Migration
606,43.18674,-110.2536,5/25/2015 16:17,Jet,Migration
607,43.18667,-110.2501,5/25/2015 19:01,Jet,Migration
608,43.18444,-110.25365,5/25/2015 21:46,Jet,Migration
609,43.18438,-110.25361,5/25/2015 23:46,Jet,Migration
610,43.18415,-110.25386,5/26/2015 3:01,Jet,Migration
611,43.18543,-110.25489,5/26/2015 5:46,Jet,Migration
612,43.18566,-110.25529,5/26/2015 8:31,Jet,Migration
613,43.1864,-110.25497,5/26/2015 11:17,Jet,Migration
614,43.18868,-110.25348,5/26/2015 14:01,Jet,Migration
615,43.19134,-110.25469,5/26/2015 16:46,Jet,Migration
616,43.21002,-110.2564,5/26/2015 19:31,Jet,Migration
617,43.22555,-110.26716,5/26/2015 22:17,Jet,Migration
618,43.23627,-110.2773,5/26/2015 23:45,Jet,Migration
619,43.23618,-110.27734,5/27/2015 0:00,Jet,Summer Range
620,43.23622,-110.27732,5/27/2015 2:46,Jet,Summer Range
621,43.23852,-110.27903,5/27/2015 5:31,Jet,Summer Range
622,43.23914,-110.28064,5/27/2015 8:16,Jet,Summer Range
623,43.24275,-110.2861,5/27/2015 11:01,Jet,Summer Range
624,43.24338,-110.28941,5/27/2015 13:46,Jet,Summer Range
625,43.24278,-110.29413,5/27/2015 16:31,Jet,Summer Range
626,43.24258,-110.29524,5/27/2015 19:16,Jet,Summer Range
627,43.24261,-110.29506,5/27/2015 22:01,Jet,Summer Range
628,43.24261,-110.29504,5/28/2015 0:31,Jet,Summer Range
629,43.24254,-110.29496,5/28/2015 3:16,Jet,Summer Range
630,43.24172,-110.29651,5/28/2015 6:01,Jet,Summer Range
631,43.24098,-110.29667,5/28/2015 8:46,Jet,Summer Range
632,43.24119,-110.29695,5/28/2015 11:31,Jet,Summer Range
633,43.2405,-110.29696,5/28/2015 14:17,Jet,Summer Range
634,43.23833,-110.29745,5/28/2015 17:01,Jet,Summer Range
635,43.23839,-110.296,5/28/2015 19:46,Jet,Summer Range
636,43.23868,-110.29668,5/28/2015 22:31,Jet,Summer Range
637,43.23847,-110.2956,5/29/2015 1:01,Jet,Summer Range
638,43.23858,-110.29711,5/29/2015 3:46,Jet,Summer Range
639,43.23945,-110.29743,5/29/2015 6:32,Jet,Summer Range
640,43.24004,-110.29553,5/29/2015 9:17,Jet,Summer Range
641,43.23941,-110.29514,5/29/2015 12:01,Jet,Summer Range
642,43.24119,-110.29688,5/29/2015 14:46,Jet,Summer Range
643,43.24092,-110.29699,5/29/2015 17:31,Jet,Summer Range
644,43.2423,-110.29669,5/29/2015 20:16,Jet,Summer Range
645,43.24211,-110.29685,5/29/2015 23:02,Jet,Summer Range
646,43.24133,-110.29646,5/30/2015 1:32,Jet,Summer Range
647,43.24069,-110.29723,5/30/2015 4:17,Jet,Summer Range
648,43.23892,-110.29694,5/30/2015 7:01,Jet,Summer Range
649,43.2386,-110.29499,5/30/2015 9:46,Jet,Summer Range
650,43.23832,-110.29428,5/30/2015 12:31,Jet,Summer Range
651,43.23801,-110.2945,5/30/2015 15:16,Jet,Summer Range
652,43.23892,-110.29548,5/30/2015 18:01,Jet,Summer Range
653,43.23815,-110.29743,5/30/2015 20:46,Jet,Summer Range
654,43.23766,-110.29788,5/30/2015 23:31,Jet,Summer Range
655,43.23775,-110.29788,5/31/2015 2:01,Jet,Summer Range
656,43.23771,-110.29787,5/31/2015 4:46,Jet,Summer Range
657,43.23833,-110.29412,5/31/2015 7:32,Jet,Summer Range
658,43.23803,-110.29447,5/31/2015 13:01,Jet,Summer Range
659,43.23785,-110.29397,5/31/2015 15:47,Jet,Summer Range
660,43.23821,-110.29141,5/31/2015 18:31,Jet,Summer Range
661,43.24412,-110.29155,5/31/2015 21:16,Jet,Summer Range
662,43.24412,-110.29148,5/31/2015 23:46,Jet,Summer Range
663,43.2433,-110.2903,6/1/2015 2:31,Jet,Summer Range
664,43.24238,-110.28967,6/1/2015 5:16,Jet,Summer Range
665,43.24153,-110.29006,6/1/2015 8:01,Jet,Summer Range
666,43.24183,-110.28981,6/1/2015 10:47,Jet,Summer Range
667,43.24309,-110.28875,6/1/2015 13:31,Jet,Summer Range
668,43.24291,-110.28837,6/1/2015 16:16,Jet,Summer Range
